forex_month,forex_average
01,1.084088
02,1.074479
03,1.078143
04,1.085168
05,1.083785
06,1.080245
07,1.105711
08,1.090545
09,1.067714
10,1.056318
11,1.081834
12,1.091806
